{"cameraMode":{"drawMode":0,"name":"Shaded","section":"Shading Mode"},"sceneLighting":false,"audioPlay":false,"sceneViewState":{"showFog":true,"showMaterialUpdate":false,"showSkybox":false,"showFlares":true,"showImageEffects":true,"showParticleSystems":true,"showVisualEffectGraphs":true,"m_FxEnabled":true},"in2DMode":false,"pivot":{"x":0.16732914745807649,"y":-1.1334784030914307,"z":-0.1743738353252411},"rotation":{"x":0.705815851688385,"y":0.018056297674775125,"z":-0.018002210184931756,"w":0.7079364061355591},"size":2.4628872871398927,"orthographic":true}