{"cameraMode":{"drawMode":0,"name":"Shaded","section":"Shading Mode"},"sceneLighting":true,"audioPlay":false,"sceneViewState":{"showFog":true,"showMaterialUpdate":false,"showSkybox":true,"showFlares":true,"showImageEffects":true,"showParticleSystems":true,"showVisualEffectGraphs":true,"m_FxEnabled":true},"in2DMode":false,"pivot":{"x":-0.2012174129486084,"y":-0.018499931320548059,"z":0.00010973215103149414},"rotation":{"x":0.26658210158348086,"y":0.6953274011611939,"z":-0.3150286078453064,"w":0.5884029865264893},"size":2.9827396869659426,"orthographic":true}