{"cameraMode":{"drawMode":0,"name":"Shaded","section":"Shading Mode"},"sceneLighting":false,"audioPlay":false,"sceneViewState":{"showFog":true,"showMaterialUpdate":false,"showSkybox":false,"showFlares":true,"showImageEffects":true,"showParticleSystems":true,"showVisualEffectGraphs":true,"m_FxEnabled":true},"in2DMode":false,"pivot":{"x":0.2126491367816925,"y":0.4533083438873291,"z":0.5100784301757813},"rotation":{"x":0.18930824100971223,"y":-0.02061859890818596,"z":0.003976060543209314,"w":0.9816935062408447},"size":1.4144971370697022,"orthographic":false}