{"cameraMode":{"drawMode":0,"name":"Shaded","section":"Shading Mode"},"sceneLighting":false,"audioPlay":false,"sceneViewState":{"showFog":true,"showMaterialUpdate":false,"showSkybox":false,"showFlares":true,"showImageEffects":true,"showParticleSystems":true,"showVisualEffectGraphs":true,"m_FxEnabled":true},"in2DMode":false,"pivot":{"x":0.09726157039403916,"y":-0.8691565990447998,"z":0.5523297786712647},"rotation":{"x":0.15771105885505677,"y":0.0177737046033144,"z":-0.002839121501892805,"w":0.9873219132423401},"size":1.4144976139068604,"orthographic":false}